id;data;O que você achou do atendimento?;Como você avalia nossos produtos?;Você recomendaria nossos serviços?;Comentários adicionais
1;2025-10-01;O atendimento foi excelente, os funcionários são muito atenciosos.;Os produtos têm ótima qualidade e durabilidade.;Sim, com certeza recomendaria para amigos e familiares.;Estou muito satisfeito com tudo.
2;2025-10-02;Fui bem atendido, mas demorou um pouco.;Gostei dos produtos, mas achei os preços um pouco altos.;Talvez recomendaria, dependendo da necessidade.;Poderiam melhorar o tempo de espera.
3;2025-10-03;Atendimento rápido e eficiente.;Produtos atendem bem às expectativas.;Sim, recomendaria.;Sem comentários adicionais.
4;2025-10-04;Não gostei do atendimento, funcionários despreparados.;A qualidade dos produtos não é boa.;Não recomendaria.;Precisa melhorar muito o treinamento da equipe.
5;2025-10-05;Atendimento normal, nada excepcional.;Produtos bons, mas já usei melhores.;Talvez recomendaria.;Poderiam oferecer mais variedade.
6;2025-10-06;Excelente atendimento, superou minhas expectativas.;Os produtos são de alta qualidade.;Definitivamente recomendaria.;Continuem com o bom trabalho!
7;2025-10-07;Atendimento rápido e gentil.;Os produtos são inovadores e de boa qualidade.;Sim, já recomendei para vários amigos.;Estou muito satisfeito com a experiência.
8;2025-10-08;Fui mal atendido e tive que esperar muito.;Produtos de baixa qualidade e caros.;Não recomendaria de forma alguma.;Experiência péssima, não voltarei.
9;2025-10-09;Atendimento satisfatório.;Produtos atendem ao que prometem.;Provavelmente recomendaria.;Sem comentários adicionais.
10;2025-10-10;Ótimo atendimento, funcionários prestativos.;Produtos excelentes, bem elaborados.;Com certeza recomendaria.;Excelente empresa, parabéns!